-- MySQL Administrator dump 1.4
--
-- ------------------------------------------------------
-- Server version	5.1.36-community-log


/*!40101 SET @OLD_CHARACTER_SET_CLIENT=@@CHARACTER_SET_CLIENT */;
/*!40101 SET @OLD_CHARACTER_SET_RESULTS=@@CHARACTER_SET_RESULTS */;
/*!40101 SET @OLD_COLLATION_CONNECTION=@@COLLATION_CONNECTION */;
/*!40101 SET NAMES utf8 */;

/*!40014 SET @OLD_UNIQUE_CHECKS=@@UNIQUE_CHECKS, UNIQUE_CHECKS=0 */;
/*!40014 SET @OLD_FOREIGN_KEY_CHECKS=@@FOREIGN_KEY_CHECKS, FOREIGN_KEY_CHECKS=0 */;
/*!40101 SET @OLD_SQL_MODE=@@SQL_MODE, SQL_MODE='NO_AUTO_VALUE_ON_ZERO' */;


--
-- Create schema mundial2k10
--

CREATE DATABASE IF NOT EXISTS mundial2k10;
USE mundial2k10;

--
-- Temporary table structure for view `vwapuestadetallepuntos`
--
DROP TABLE IF EXISTS `vwapuestadetallepuntos`;
DROP VIEW IF EXISTS `vwapuestadetallepuntos`;
CREATE TABLE `vwapuestadetallepuntos` (
  `idApuesta` int(10) unsigned,
  `idPartido` int(10) unsigned,
  `fecha` datetime,
  `idEquipo1` varchar(2),
  `idEquipo2` varchar(2),
  `golesFinalEquipo1` int(10),
  `golesFinalEquipo2` int(10),
  `mkCoke` int(10) unsigned,
  `mkBazan` int(10) unsigned,
  `mkVieja` int(10) unsigned,
  `mkMotoraton` int(10) unsigned,
  `mkExcellent` int(10) unsigned,
  `mkAmargo` int(11),
  `mkUsa` int(10) unsigned,
  `mkHyena` int(11) unsigned,
  `mkTriste` int(11) unsigned,
  `tbEvento` varchar(1),
  `golesEquipo1` int(10),
  `golesEquipo2` int(10),
  `nombre1` varchar(145),
  `nombre2` varchar(145),
  `puntos` int(0),
  `puntosPower` bigint(12)
);

--
-- Temporary table structure for view `vwapuestadetallepuntosbase`
--
DROP TABLE IF EXISTS `vwapuestadetallepuntosbase`;
DROP VIEW IF EXISTS `vwapuestadetallepuntosbase`;
CREATE TABLE `vwapuestadetallepuntosbase` (
  `idApuesta` int(10) unsigned,
  `idPartido` int(10) unsigned,
  `golesEquipo1` int(10),
  `golesEquipo2` int(10),
  `puntosNeg` int(2),
  `puntos` int(0)
);

--
-- Temporary table structure for view `vwapuestadetallepuntospower`
--
DROP TABLE IF EXISTS `vwapuestadetallepuntospower`;
DROP VIEW IF EXISTS `vwapuestadetallepuntospower`;
CREATE TABLE `vwapuestadetallepuntospower` (
  `idApuesta` int(10) unsigned,
  `idPartido` int(10) unsigned,
  `puntos` int(0),
  `golesEquipo1` int(10),
  `golesEquipo2` int(10),
  `puntosPower` bigint(12)
);

--
-- Temporary table structure for view `vwusuario`
--
DROP TABLE IF EXISTS `vwusuario`;
DROP VIEW IF EXISTS `vwusuario`;
CREATE TABLE `vwusuario` (
  `idUsuario` int(10) unsigned,
  `nombre` varchar(45),
  `fechaIngreso` datetime,
  `hash` varchar(45),
  `tbEstado` char(1)
);

--
-- Definition of table `apuesta`
--

DROP TABLE IF EXISTS `apuesta`;
CREATE TABLE `apuesta` (
  `idApuesta` int(10) unsigned NOT NULL AUTO_INCREMENT,
  `fecha` datetime NOT NULL DEFAULT '0000-00-00 00:00:00',
  `idUsuario` int(10) unsigned NOT NULL DEFAULT '0',
  `tbEstado` char(1) NOT NULL DEFAULT 'P',
  PRIMARY KEY (`idApuesta`),
  KEY `usuario` (`idUsuario`),
  CONSTRAINT `usuario` FOREIGN KEY (`idUsuario`) REFERENCES `usuario` (`idUsuario`) ON DELETE CASCADE ON UPDATE CASCADE
) ENGINE=InnoDB AUTO_INCREMENT=37 DEFAULT CHARSET=latin1;

--
-- Dumping data for table `apuesta`
--

/*!40000 ALTER TABLE `apuesta` DISABLE KEYS */;
INSERT INTO `apuesta` (`idApuesta`,`fecha`,`idUsuario`,`tbEstado`) VALUES 
 (16,'0000-00-00 00:00:00',20,'P'),
 (17,'0000-00-00 00:00:00',21,'P'),
 (18,'0000-00-00 00:00:00',22,'P'),
 (19,'0000-00-00 00:00:00',23,'P'),
 (20,'0000-00-00 00:00:00',24,'P'),
 (21,'0000-00-00 00:00:00',25,'P'),
 (22,'0000-00-00 00:00:00',26,'P'),
 (23,'0000-00-00 00:00:00',29,'P'),
 (24,'0000-00-00 00:00:00',30,'P'),
 (25,'0000-00-00 00:00:00',32,'P'),
 (26,'0000-00-00 00:00:00',33,'P'),
 (27,'0000-00-00 00:00:00',34,'P'),
 (28,'0000-00-00 00:00:00',35,'P'),
 (29,'0000-00-00 00:00:00',36,'P'),
 (30,'0000-00-00 00:00:00',37,'P'),
 (31,'0000-00-00 00:00:00',38,'P'),
 (32,'0000-00-00 00:00:00',39,'P'),
 (33,'0000-00-00 00:00:00',40,'P'),
 (34,'0000-00-00 00:00:00',41,'P'),
 (35,'0000-00-00 00:00:00',42,'P'),
 (36,'0000-00-00 00:00:00',43,'P');
/*!40000 ALTER TABLE `apuesta` ENABLE KEYS */;


--
-- Definition of table `apuestadetalle`
--

DROP TABLE IF EXISTS `apuestadetalle`;
CREATE TABLE `apuestadetalle` (
  `idApuesta` int(10) unsigned NOT NULL,
  `idPartido` int(10) unsigned NOT NULL DEFAULT '0',
  `golesEquipo1` int(10) DEFAULT NULL,
  `golesEquipo2` int(10) DEFAULT NULL,
  PRIMARY KEY (`idApuesta`,`idPartido`),
  KEY `FK_apuestaDetalle_2` (`idPartido`),
  CONSTRAINT `FK_apuestadetalle_1` FOREIGN KEY (`idApuesta`) REFERENCES `apuesta` (`idApuesta`) ON DELETE CASCADE ON UPDATE CASCADE
) ENGINE=InnoDB DEFAULT CHARSET=latin1;

--
-- Dumping data for table `apuestadetalle`
--

/*!40000 ALTER TABLE `apuestadetalle` DISABLE KEYS */;
INSERT INTO `apuestadetalle` (`idApuesta`,`idPartido`,`golesEquipo1`,`golesEquipo2`) VALUES 
 (16,1,4,8),
 (16,2,4,2),
 (16,3,0,3),
 (16,4,3,3),
 (16,5,6,3),
 (16,6,1,2),
 (16,7,2,4),
 (16,8,1,2),
 (16,9,0,0),
 (16,10,NULL,NULL),
 (16,11,NULL,NULL),
 (16,12,NULL,NULL),
 (16,13,0,0),
 (16,14,NULL,NULL),
 (16,15,NULL,NULL),
 (16,16,NULL,NULL),
 (16,17,NULL,NULL),
 (16,18,NULL,NULL),
 (16,19,NULL,NULL),
 (16,20,NULL,NULL),
 (16,21,NULL,NULL),
 (16,22,NULL,NULL),
 (16,23,NULL,NULL),
 (16,24,NULL,NULL),
 (16,25,NULL,NULL),
 (16,26,NULL,NULL),
 (16,27,NULL,NULL),
 (16,28,NULL,NULL),
 (16,29,NULL,NULL),
 (16,30,NULL,NULL),
 (16,31,NULL,NULL),
 (16,32,NULL,NULL),
 (16,33,NULL,NULL),
 (16,34,NULL,NULL),
 (16,35,NULL,NULL),
 (16,36,NULL,NULL),
 (16,37,NULL,NULL),
 (16,38,NULL,NULL),
 (16,39,NULL,NULL),
 (16,40,NULL,NULL),
 (16,41,NULL,NULL),
 (16,42,NULL,NULL),
 (16,43,NULL,NULL),
 (16,44,NULL,NULL),
 (16,45,NULL,NULL),
 (16,46,NULL,NULL),
 (16,47,NULL,NULL),
 (16,48,1,1),
 (17,1,NULL,NULL),
 (17,2,NULL,NULL),
 (17,3,NULL,NULL),
 (17,4,NULL,NULL),
 (17,5,NULL,NULL),
 (17,6,NULL,NULL),
 (17,7,NULL,NULL),
 (17,8,NULL,NULL),
 (17,9,NULL,NULL),
 (17,10,NULL,NULL),
 (17,11,NULL,NULL),
 (17,12,NULL,NULL),
 (17,13,NULL,NULL),
 (17,14,NULL,NULL),
 (17,15,NULL,NULL),
 (17,16,NULL,NULL),
 (17,17,NULL,NULL),
 (17,18,NULL,NULL),
 (17,19,NULL,NULL),
 (17,20,NULL,NULL),
 (17,21,NULL,NULL),
 (17,22,NULL,NULL),
 (17,23,NULL,NULL),
 (17,24,NULL,NULL),
 (17,25,NULL,NULL),
 (17,26,NULL,NULL),
 (17,27,NULL,NULL),
 (17,28,NULL,NULL),
 (17,29,NULL,NULL),
 (17,30,NULL,NULL),
 (17,31,NULL,NULL),
 (17,32,NULL,NULL),
 (17,33,NULL,NULL),
 (17,34,NULL,NULL),
 (17,35,NULL,NULL),
 (17,36,NULL,NULL),
 (17,37,NULL,NULL),
 (17,38,NULL,NULL),
 (17,39,NULL,NULL),
 (17,40,NULL,NULL),
 (17,41,NULL,NULL),
 (17,42,NULL,NULL),
 (17,43,NULL,NULL),
 (17,44,NULL,NULL),
 (17,45,NULL,NULL),
 (17,46,NULL,NULL),
 (17,47,NULL,NULL),
 (17,48,NULL,NULL),
 (18,1,NULL,NULL),
 (18,2,NULL,NULL),
 (18,3,NULL,NULL),
 (18,4,NULL,NULL),
 (18,5,NULL,NULL),
 (18,6,NULL,NULL),
 (18,7,NULL,NULL),
 (18,8,NULL,NULL),
 (18,9,NULL,NULL),
 (18,10,NULL,NULL),
 (18,11,NULL,NULL),
 (18,12,NULL,NULL),
 (18,13,NULL,NULL),
 (18,14,NULL,NULL),
 (18,15,NULL,NULL),
 (18,16,NULL,NULL),
 (18,17,NULL,NULL),
 (18,18,NULL,NULL),
 (18,19,NULL,NULL),
 (18,20,NULL,NULL),
 (18,21,NULL,NULL),
 (18,22,NULL,NULL),
 (18,23,NULL,NULL),
 (18,24,NULL,NULL),
 (18,25,NULL,NULL),
 (18,26,NULL,NULL),
 (18,27,NULL,NULL),
 (18,28,NULL,NULL),
 (18,29,NULL,NULL),
 (18,30,NULL,NULL),
 (18,31,NULL,NULL),
 (18,32,NULL,NULL),
 (18,33,NULL,NULL),
 (18,34,NULL,NULL),
 (18,35,NULL,NULL),
 (18,36,NULL,NULL),
 (18,37,NULL,NULL),
 (18,38,NULL,NULL),
 (18,39,NULL,NULL),
 (18,40,NULL,NULL),
 (18,41,NULL,NULL),
 (18,42,NULL,NULL),
 (18,43,NULL,NULL),
 (18,44,NULL,NULL),
 (18,45,NULL,NULL),
 (18,46,NULL,NULL),
 (18,47,NULL,NULL),
 (18,48,NULL,NULL),
 (19,1,NULL,NULL),
 (19,2,NULL,NULL),
 (19,3,NULL,NULL),
 (19,4,NULL,NULL),
 (19,5,NULL,NULL),
 (19,6,NULL,NULL),
 (19,7,NULL,NULL),
 (19,8,NULL,NULL),
 (19,9,NULL,NULL),
 (19,10,NULL,NULL),
 (19,11,NULL,NULL),
 (19,12,NULL,NULL),
 (19,13,NULL,NULL),
 (19,14,NULL,NULL),
 (19,15,NULL,NULL),
 (19,16,NULL,NULL),
 (19,17,NULL,NULL),
 (19,18,NULL,NULL),
 (19,19,NULL,NULL),
 (19,20,NULL,NULL),
 (19,21,NULL,NULL),
 (19,22,NULL,NULL),
 (19,23,NULL,NULL),
 (19,24,NULL,NULL),
 (19,25,NULL,NULL),
 (19,26,NULL,NULL),
 (19,27,NULL,NULL),
 (19,28,NULL,NULL),
 (19,29,NULL,NULL),
 (19,30,NULL,NULL),
 (19,31,NULL,NULL),
 (19,32,NULL,NULL),
 (19,33,NULL,NULL),
 (19,34,NULL,NULL),
 (19,35,NULL,NULL),
 (19,36,NULL,NULL),
 (19,37,NULL,NULL),
 (19,38,NULL,NULL),
 (19,39,NULL,NULL),
 (19,40,NULL,NULL),
 (19,41,NULL,NULL),
 (19,42,NULL,NULL),
 (19,43,NULL,NULL),
 (19,44,NULL,NULL),
 (19,45,NULL,NULL),
 (19,46,NULL,NULL),
 (19,47,NULL,NULL),
 (19,48,NULL,NULL),
 (20,1,NULL,NULL),
 (20,2,NULL,NULL),
 (20,3,NULL,NULL),
 (20,4,NULL,NULL),
 (20,5,NULL,NULL),
 (20,6,NULL,NULL),
 (20,7,NULL,NULL),
 (20,8,NULL,NULL),
 (20,9,NULL,NULL),
 (20,10,NULL,NULL),
 (20,11,NULL,NULL),
 (20,12,NULL,NULL),
 (20,13,NULL,NULL),
 (20,14,NULL,NULL),
 (20,15,NULL,NULL),
 (20,16,NULL,NULL),
 (20,17,NULL,NULL),
 (20,18,NULL,NULL),
 (20,19,NULL,NULL),
 (20,20,NULL,NULL),
 (20,21,NULL,NULL),
 (20,22,NULL,NULL),
 (20,23,NULL,NULL),
 (20,24,NULL,NULL),
 (20,25,NULL,NULL),
 (20,26,NULL,NULL),
 (20,27,NULL,NULL),
 (20,28,NULL,NULL),
 (20,29,NULL,NULL),
 (20,30,NULL,NULL),
 (20,31,NULL,NULL),
 (20,32,NULL,NULL),
 (20,33,NULL,NULL),
 (20,34,NULL,NULL),
 (20,35,NULL,NULL),
 (20,36,NULL,NULL),
 (20,37,NULL,NULL),
 (20,38,NULL,NULL),
 (20,39,NULL,NULL),
 (20,40,NULL,NULL),
 (20,41,NULL,NULL),
 (20,42,NULL,NULL),
 (20,43,NULL,NULL),
 (20,44,NULL,NULL),
 (20,45,NULL,NULL),
 (20,46,NULL,NULL),
 (20,47,NULL,NULL),
 (20,48,NULL,NULL),
 (21,1,NULL,NULL),
 (21,2,NULL,NULL),
 (21,3,NULL,NULL),
 (21,4,NULL,NULL),
 (21,5,NULL,NULL),
 (21,6,NULL,NULL),
 (21,7,NULL,NULL),
 (21,8,NULL,NULL),
 (21,9,NULL,NULL),
 (21,10,NULL,NULL),
 (21,11,NULL,NULL),
 (21,12,NULL,NULL),
 (21,13,NULL,NULL),
 (21,14,NULL,NULL),
 (21,15,NULL,NULL),
 (21,16,NULL,NULL),
 (21,17,NULL,NULL),
 (21,18,NULL,NULL),
 (21,19,NULL,NULL),
 (21,20,NULL,NULL),
 (21,21,NULL,NULL),
 (21,22,NULL,NULL),
 (21,23,NULL,NULL),
 (21,24,NULL,NULL),
 (21,25,NULL,NULL),
 (21,26,NULL,NULL),
 (21,27,NULL,NULL),
 (21,28,NULL,NULL),
 (21,29,NULL,NULL),
 (21,30,NULL,NULL),
 (21,31,NULL,NULL),
 (21,32,NULL,NULL),
 (21,33,NULL,NULL),
 (21,34,NULL,NULL),
 (21,35,NULL,NULL),
 (21,36,NULL,NULL),
 (21,37,NULL,NULL),
 (21,38,NULL,NULL),
 (21,39,NULL,NULL),
 (21,40,NULL,NULL),
 (21,41,NULL,NULL),
 (21,42,NULL,NULL),
 (21,43,NULL,NULL),
 (21,44,NULL,NULL),
 (21,45,NULL,NULL),
 (21,46,NULL,NULL),
 (21,47,NULL,NULL),
 (21,48,NULL,NULL),
 (22,1,NULL,NULL),
 (22,2,NULL,NULL),
 (22,3,NULL,NULL),
 (22,4,NULL,NULL),
 (22,5,NULL,NULL),
 (22,6,NULL,NULL),
 (22,7,NULL,NULL),
 (22,8,NULL,NULL),
 (22,9,NULL,NULL),
 (22,10,NULL,NULL),
 (22,11,NULL,NULL),
 (22,12,NULL,NULL),
 (22,13,NULL,NULL),
 (22,14,NULL,NULL),
 (22,15,NULL,NULL),
 (22,16,NULL,NULL),
 (22,17,NULL,NULL),
 (22,18,NULL,NULL),
 (22,19,NULL,NULL),
 (22,20,NULL,NULL),
 (22,21,NULL,NULL),
 (22,22,NULL,NULL),
 (22,23,NULL,NULL),
 (22,24,NULL,NULL),
 (22,25,NULL,NULL),
 (22,26,NULL,NULL),
 (22,27,NULL,NULL),
 (22,28,NULL,NULL),
 (22,29,NULL,NULL),
 (22,30,NULL,NULL),
 (22,31,NULL,NULL),
 (22,32,NULL,NULL),
 (22,33,NULL,NULL),
 (22,34,NULL,NULL),
 (22,35,NULL,NULL),
 (22,36,NULL,NULL),
 (22,37,NULL,NULL),
 (22,38,NULL,NULL),
 (22,39,NULL,NULL),
 (22,40,NULL,NULL),
 (22,41,NULL,NULL),
 (22,42,NULL,NULL),
 (22,43,NULL,NULL),
 (22,44,NULL,NULL),
 (22,45,NULL,NULL),
 (22,46,NULL,NULL),
 (22,47,NULL,NULL),
 (22,48,NULL,NULL),
 (23,1,NULL,NULL),
 (23,2,NULL,NULL),
 (23,3,NULL,NULL),
 (23,4,NULL,NULL),
 (23,5,NULL,NULL),
 (23,6,NULL,NULL),
 (23,7,NULL,NULL),
 (23,8,NULL,NULL),
 (23,9,NULL,NULL),
 (23,10,NULL,NULL),
 (23,11,NULL,NULL),
 (23,12,NULL,NULL),
 (23,13,NULL,NULL),
 (23,14,NULL,NULL),
 (23,15,NULL,NULL),
 (23,16,NULL,NULL),
 (23,17,NULL,NULL),
 (23,18,NULL,NULL),
 (23,19,NULL,NULL),
 (23,20,NULL,NULL),
 (23,21,NULL,NULL),
 (23,22,NULL,NULL),
 (23,23,NULL,NULL),
 (23,24,NULL,NULL),
 (23,25,NULL,NULL),
 (23,26,NULL,NULL),
 (23,27,NULL,NULL),
 (23,28,NULL,NULL),
 (23,29,NULL,NULL),
 (23,30,NULL,NULL),
 (23,31,NULL,NULL),
 (23,32,NULL,NULL),
 (23,33,NULL,NULL),
 (23,34,NULL,NULL),
 (23,35,NULL,NULL),
 (23,36,NULL,NULL),
 (23,37,NULL,NULL),
 (23,38,NULL,NULL),
 (23,39,NULL,NULL),
 (23,40,NULL,NULL),
 (23,41,NULL,NULL),
 (23,42,NULL,NULL),
 (23,43,NULL,NULL),
 (23,44,NULL,NULL),
 (23,45,NULL,NULL),
 (23,46,NULL,NULL),
 (23,47,NULL,NULL),
 (23,48,NULL,NULL),
 (24,1,NULL,NULL),
 (24,2,NULL,NULL),
 (24,3,NULL,NULL),
 (24,4,NULL,NULL),
 (24,5,NULL,NULL),
 (24,6,NULL,NULL),
 (24,7,NULL,NULL),
 (24,8,NULL,NULL),
 (24,9,NULL,NULL),
 (24,10,NULL,NULL),
 (24,11,NULL,NULL),
 (24,12,NULL,NULL),
 (24,13,NULL,NULL),
 (24,14,NULL,NULL),
 (24,15,NULL,NULL),
 (24,16,NULL,NULL),
 (24,17,NULL,NULL),
 (24,18,NULL,NULL),
 (24,19,NULL,NULL),
 (24,20,NULL,NULL),
 (24,21,NULL,NULL),
 (24,22,NULL,NULL),
 (24,23,NULL,NULL),
 (24,24,NULL,NULL),
 (24,25,NULL,NULL),
 (24,26,NULL,NULL),
 (24,27,NULL,NULL),
 (24,28,NULL,NULL),
 (24,29,NULL,NULL),
 (24,30,NULL,NULL),
 (24,31,NULL,NULL),
 (24,32,NULL,NULL),
 (24,33,NULL,NULL),
 (24,34,NULL,NULL),
 (24,35,NULL,NULL),
 (24,36,NULL,NULL),
 (24,37,NULL,NULL),
 (24,38,NULL,NULL),
 (24,39,NULL,NULL),
 (24,40,NULL,NULL),
 (24,41,NULL,NULL),
 (24,42,NULL,NULL),
 (24,43,NULL,NULL),
 (24,44,NULL,NULL),
 (24,45,NULL,NULL),
 (24,46,NULL,NULL),
 (24,47,NULL,NULL),
 (24,48,NULL,NULL),
 (25,1,NULL,NULL),
 (25,2,NULL,NULL),
 (25,3,NULL,NULL),
 (25,4,NULL,NULL),
 (25,5,NULL,NULL),
 (25,6,NULL,NULL),
 (25,7,NULL,NULL),
 (25,8,NULL,NULL),
 (25,9,NULL,NULL),
 (25,10,NULL,NULL),
 (25,11,NULL,NULL),
 (25,12,NULL,NULL),
 (25,13,NULL,NULL),
 (25,14,NULL,NULL),
 (25,15,NULL,NULL),
 (25,16,NULL,NULL),
 (25,17,NULL,NULL),
 (25,18,NULL,NULL),
 (25,19,NULL,NULL),
 (25,20,NULL,NULL),
 (25,21,NULL,NULL),
 (25,22,NULL,NULL),
 (25,23,NULL,NULL),
 (25,24,NULL,NULL),
 (25,25,NULL,NULL),
 (25,26,NULL,NULL),
 (25,27,NULL,NULL),
 (25,28,NULL,NULL),
 (25,29,NULL,NULL),
 (25,30,NULL,NULL),
 (25,31,NULL,NULL),
 (25,32,NULL,NULL),
 (25,33,NULL,NULL),
 (25,34,NULL,NULL),
 (25,35,NULL,NULL),
 (25,36,NULL,NULL),
 (25,37,NULL,NULL),
 (25,38,NULL,NULL),
 (25,39,NULL,NULL),
 (25,40,NULL,NULL),
 (25,41,NULL,NULL),
 (25,42,NULL,NULL),
 (25,43,NULL,NULL),
 (25,44,NULL,NULL),
 (25,45,NULL,NULL),
 (25,46,NULL,NULL),
 (25,47,NULL,NULL),
 (25,48,NULL,NULL),
 (26,1,NULL,NULL),
 (26,2,NULL,NULL),
 (26,3,NULL,NULL),
 (26,4,NULL,NULL),
 (26,5,NULL,NULL),
 (26,6,NULL,NULL),
 (26,7,NULL,NULL),
 (26,8,NULL,NULL),
 (26,9,NULL,NULL),
 (26,10,NULL,NULL),
 (26,11,NULL,NULL),
 (26,12,NULL,NULL),
 (26,13,NULL,NULL),
 (26,14,NULL,NULL),
 (26,15,NULL,NULL),
 (26,16,NULL,NULL),
 (26,17,NULL,NULL),
 (26,18,NULL,NULL),
 (26,19,NULL,NULL),
 (26,20,NULL,NULL),
 (26,21,NULL,NULL),
 (26,22,NULL,NULL),
 (26,23,NULL,NULL),
 (26,24,NULL,NULL),
 (26,25,NULL,NULL),
 (26,26,NULL,NULL),
 (26,27,NULL,NULL),
 (26,28,NULL,NULL),
 (26,29,NULL,NULL),
 (26,30,NULL,NULL),
 (26,31,NULL,NULL),
 (26,32,NULL,NULL),
 (26,33,NULL,NULL),
 (26,34,NULL,NULL),
 (26,35,NULL,NULL),
 (26,36,NULL,NULL),
 (26,37,NULL,NULL),
 (26,38,NULL,NULL),
 (26,39,NULL,NULL),
 (26,40,NULL,NULL),
 (26,41,NULL,NULL),
 (26,42,NULL,NULL),
 (26,43,NULL,NULL),
 (26,44,NULL,NULL),
 (26,45,NULL,NULL),
 (26,46,NULL,NULL),
 (26,47,NULL,NULL),
 (26,48,NULL,NULL),
 (27,1,NULL,NULL),
 (27,2,NULL,NULL),
 (27,3,NULL,NULL),
 (27,4,NULL,NULL),
 (27,5,NULL,NULL),
 (27,6,NULL,NULL),
 (27,7,NULL,NULL),
 (27,8,NULL,NULL),
 (27,9,NULL,NULL),
 (27,10,NULL,NULL),
 (27,11,NULL,NULL),
 (27,12,NULL,NULL),
 (27,13,NULL,NULL),
 (27,14,NULL,NULL),
 (27,15,NULL,NULL),
 (27,16,NULL,NULL),
 (27,17,NULL,NULL),
 (27,18,NULL,NULL),
 (27,19,NULL,NULL),
 (27,20,NULL,NULL),
 (27,21,NULL,NULL),
 (27,22,NULL,NULL),
 (27,23,NULL,NULL),
 (27,24,NULL,NULL),
 (27,25,NULL,NULL),
 (27,26,NULL,NULL),
 (27,27,NULL,NULL),
 (27,28,NULL,NULL),
 (27,29,NULL,NULL),
 (27,30,NULL,NULL),
 (27,31,NULL,NULL),
 (27,32,NULL,NULL),
 (27,33,NULL,NULL),
 (27,34,NULL,NULL),
 (27,35,NULL,NULL),
 (27,36,NULL,NULL),
 (27,37,NULL,NULL),
 (27,38,NULL,NULL),
 (27,39,NULL,NULL),
 (27,40,NULL,NULL),
 (27,41,NULL,NULL),
 (27,42,NULL,NULL),
 (27,43,NULL,NULL),
 (27,44,NULL,NULL),
 (27,45,NULL,NULL),
 (27,46,NULL,NULL),
 (27,47,NULL,NULL),
 (27,48,NULL,NULL),
 (28,1,1,1),
 (28,2,2,0),
 (28,3,NULL,NULL),
 (28,4,NULL,NULL),
 (28,5,NULL,NULL),
 (28,6,NULL,NULL),
 (28,7,NULL,NULL),
 (28,8,NULL,NULL),
 (28,9,NULL,NULL),
 (28,10,NULL,NULL),
 (28,11,NULL,NULL),
 (28,12,NULL,NULL),
 (28,13,NULL,NULL),
 (28,14,NULL,NULL),
 (28,15,NULL,NULL),
 (28,16,NULL,NULL),
 (28,17,NULL,NULL),
 (28,18,NULL,NULL),
 (28,19,NULL,NULL),
 (28,20,NULL,NULL),
 (28,21,NULL,NULL),
 (28,22,NULL,NULL),
 (28,23,NULL,NULL),
 (28,24,NULL,NULL),
 (28,25,NULL,NULL),
 (28,26,NULL,NULL),
 (28,27,NULL,NULL),
 (28,28,NULL,NULL),
 (28,29,NULL,NULL),
 (28,30,NULL,NULL),
 (28,31,NULL,NULL),
 (28,32,NULL,NULL),
 (28,33,NULL,NULL),
 (28,34,NULL,NULL),
 (28,35,NULL,NULL),
 (28,36,NULL,NULL),
 (28,37,NULL,NULL),
 (28,38,NULL,NULL),
 (28,39,NULL,NULL),
 (28,40,NULL,NULL),
 (28,41,NULL,NULL),
 (28,42,NULL,NULL),
 (28,43,NULL,NULL),
 (28,44,NULL,NULL),
 (28,45,NULL,NULL),
 (28,46,NULL,NULL),
 (28,47,NULL,NULL),
 (28,48,NULL,NULL),
 (29,1,NULL,NULL),
 (29,2,NULL,NULL),
 (29,3,NULL,NULL),
 (29,4,NULL,NULL),
 (29,5,NULL,NULL),
 (29,6,NULL,NULL),
 (29,7,NULL,NULL),
 (29,8,NULL,NULL),
 (29,9,NULL,NULL),
 (29,10,NULL,NULL),
 (29,11,NULL,NULL),
 (29,12,NULL,NULL),
 (29,13,NULL,NULL),
 (29,14,NULL,NULL),
 (29,15,NULL,NULL),
 (29,16,NULL,NULL),
 (29,17,NULL,NULL),
 (29,18,NULL,NULL),
 (29,19,NULL,NULL),
 (29,20,NULL,NULL),
 (29,21,NULL,NULL),
 (29,22,NULL,NULL),
 (29,23,NULL,NULL),
 (29,24,NULL,NULL),
 (29,25,NULL,NULL),
 (29,26,NULL,NULL),
 (29,27,NULL,NULL),
 (29,28,NULL,NULL),
 (29,29,NULL,NULL),
 (29,30,NULL,NULL),
 (29,31,NULL,NULL),
 (29,32,NULL,NULL),
 (29,33,NULL,NULL),
 (29,34,NULL,NULL),
 (29,35,NULL,NULL),
 (29,36,NULL,NULL),
 (29,37,NULL,NULL),
 (29,38,NULL,NULL),
 (29,39,NULL,NULL),
 (29,40,NULL,NULL),
 (29,41,NULL,NULL),
 (29,42,NULL,NULL),
 (29,43,NULL,NULL),
 (29,44,NULL,NULL),
 (29,45,NULL,NULL),
 (29,46,NULL,NULL),
 (29,47,NULL,NULL),
 (29,48,NULL,NULL),
 (30,1,NULL,NULL),
 (30,2,NULL,NULL),
 (30,3,NULL,NULL),
 (30,4,NULL,NULL),
 (30,5,NULL,NULL),
 (30,6,NULL,NULL),
 (30,7,NULL,NULL),
 (30,8,NULL,NULL),
 (30,9,NULL,NULL),
 (30,10,NULL,NULL),
 (30,11,NULL,NULL),
 (30,12,NULL,NULL),
 (30,13,NULL,NULL),
 (30,14,NULL,NULL),
 (30,15,NULL,NULL),
 (30,16,NULL,NULL),
 (30,17,NULL,NULL),
 (30,18,NULL,NULL),
 (30,19,NULL,NULL),
 (30,20,NULL,NULL),
 (30,21,NULL,NULL),
 (30,22,NULL,NULL),
 (30,23,NULL,NULL),
 (30,24,NULL,NULL),
 (30,25,NULL,NULL),
 (30,26,NULL,NULL),
 (30,27,NULL,NULL),
 (30,28,NULL,NULL),
 (30,29,NULL,NULL),
 (30,30,NULL,NULL),
 (30,31,NULL,NULL),
 (30,32,NULL,NULL),
 (30,33,NULL,NULL),
 (30,34,NULL,NULL),
 (30,35,NULL,NULL),
 (30,36,NULL,NULL),
 (30,37,NULL,NULL),
 (30,38,NULL,NULL),
 (30,39,NULL,NULL),
 (30,40,NULL,NULL),
 (30,41,NULL,NULL),
 (30,42,NULL,NULL),
 (30,43,NULL,NULL),
 (30,44,NULL,NULL),
 (30,45,NULL,NULL),
 (30,46,NULL,NULL),
 (30,47,NULL,NULL),
 (30,48,NULL,NULL),
 (31,1,NULL,NULL),
 (31,2,NULL,NULL),
 (31,3,NULL,NULL),
 (31,4,NULL,NULL),
 (31,5,NULL,NULL),
 (31,6,NULL,NULL),
 (31,7,NULL,NULL),
 (31,8,NULL,NULL),
 (31,9,NULL,NULL),
 (31,10,NULL,NULL),
 (31,11,NULL,NULL),
 (31,12,NULL,NULL),
 (31,13,NULL,NULL),
 (31,14,NULL,NULL),
 (31,15,NULL,NULL),
 (31,16,NULL,NULL),
 (31,17,NULL,NULL),
 (31,18,NULL,NULL),
 (31,19,NULL,NULL),
 (31,20,NULL,NULL),
 (31,21,NULL,NULL),
 (31,22,NULL,NULL),
 (31,23,NULL,NULL),
 (31,24,NULL,NULL),
 (31,25,NULL,NULL),
 (31,26,NULL,NULL),
 (31,27,NULL,NULL),
 (31,28,NULL,NULL),
 (31,29,NULL,NULL),
 (31,30,NULL,NULL),
 (31,31,NULL,NULL),
 (31,32,NULL,NULL),
 (31,33,NULL,NULL),
 (31,34,NULL,NULL),
 (31,35,NULL,NULL),
 (31,36,NULL,NULL),
 (31,37,NULL,NULL),
 (31,38,NULL,NULL),
 (31,39,NULL,NULL),
 (31,40,NULL,NULL),
 (31,41,NULL,NULL),
 (31,42,NULL,NULL),
 (31,43,NULL,NULL),
 (31,44,NULL,NULL),
 (31,45,NULL,NULL),
 (31,46,NULL,NULL),
 (31,47,NULL,NULL),
 (31,48,NULL,NULL),
 (32,1,NULL,NULL),
 (32,2,NULL,NULL),
 (32,3,NULL,NULL),
 (32,4,NULL,NULL),
 (32,5,NULL,NULL),
 (32,6,NULL,NULL),
 (32,7,NULL,NULL),
 (32,8,NULL,NULL),
 (32,9,NULL,NULL),
 (32,10,NULL,NULL),
 (32,11,NULL,NULL),
 (32,12,NULL,NULL),
 (32,13,NULL,NULL),
 (32,14,NULL,NULL),
 (32,15,NULL,NULL),
 (32,16,NULL,NULL),
 (32,17,NULL,NULL),
 (32,18,NULL,NULL),
 (32,19,NULL,NULL),
 (32,20,NULL,NULL),
 (32,21,NULL,NULL),
 (32,22,NULL,NULL),
 (32,23,NULL,NULL),
 (32,24,NULL,NULL),
 (32,25,NULL,NULL),
 (32,26,NULL,NULL),
 (32,27,NULL,NULL),
 (32,28,NULL,NULL),
 (32,29,NULL,NULL),
 (32,30,NULL,NULL),
 (32,31,NULL,NULL),
 (32,32,NULL,NULL),
 (32,33,NULL,NULL),
 (32,34,NULL,NULL),
 (32,35,NULL,NULL),
 (32,36,NULL,NULL),
 (32,37,NULL,NULL),
 (32,38,NULL,NULL),
 (32,39,NULL,NULL),
 (32,40,NULL,NULL),
 (32,41,NULL,NULL),
 (32,42,NULL,NULL),
 (32,43,NULL,NULL),
 (32,44,NULL,NULL),
 (32,45,NULL,NULL),
 (32,46,NULL,NULL),
 (32,47,NULL,NULL),
 (32,48,NULL,NULL),
 (33,1,NULL,NULL),
 (33,2,NULL,NULL),
 (33,3,NULL,NULL),
 (33,4,NULL,NULL),
 (33,5,NULL,NULL),
 (33,6,NULL,NULL),
 (33,7,NULL,NULL),
 (33,8,NULL,NULL),
 (33,9,NULL,NULL),
 (33,10,NULL,NULL),
 (33,11,NULL,NULL),
 (33,12,NULL,NULL),
 (33,13,NULL,NULL),
 (33,14,NULL,NULL),
 (33,15,NULL,NULL),
 (33,16,NULL,NULL),
 (33,17,NULL,NULL),
 (33,18,NULL,NULL),
 (33,19,NULL,NULL),
 (33,20,NULL,NULL),
 (33,21,NULL,NULL),
 (33,22,NULL,NULL),
 (33,23,NULL,NULL),
 (33,24,NULL,NULL),
 (33,25,NULL,NULL),
 (33,26,NULL,NULL),
 (33,27,NULL,NULL),
 (33,28,NULL,NULL),
 (33,29,NULL,NULL),
 (33,30,NULL,NULL),
 (33,31,NULL,NULL),
 (33,32,NULL,NULL),
 (33,33,NULL,NULL),
 (33,34,NULL,NULL),
 (33,35,NULL,NULL),
 (33,36,NULL,NULL),
 (33,37,NULL,NULL),
 (33,38,NULL,NULL),
 (33,39,NULL,NULL),
 (33,40,NULL,NULL),
 (33,41,NULL,NULL),
 (33,42,NULL,NULL),
 (33,43,NULL,NULL),
 (33,44,NULL,NULL),
 (33,45,NULL,NULL),
 (33,46,NULL,NULL),
 (33,47,NULL,NULL),
 (33,48,NULL,NULL),
 (34,1,NULL,NULL),
 (34,2,NULL,NULL),
 (34,3,NULL,NULL),
 (34,4,NULL,NULL),
 (34,5,NULL,NULL),
 (34,6,NULL,NULL),
 (34,7,NULL,NULL),
 (34,8,NULL,NULL),
 (34,9,NULL,NULL),
 (34,10,NULL,NULL),
 (34,11,NULL,NULL),
 (34,12,NULL,NULL),
 (34,13,NULL,NULL),
 (34,14,NULL,NULL),
 (34,15,NULL,NULL),
 (34,16,NULL,NULL),
 (34,17,NULL,NULL),
 (34,18,NULL,NULL),
 (34,19,NULL,NULL),
 (34,20,NULL,NULL),
 (34,21,NULL,NULL),
 (34,22,NULL,NULL),
 (34,23,NULL,NULL),
 (34,24,NULL,NULL),
 (34,25,NULL,NULL),
 (34,26,NULL,NULL),
 (34,27,NULL,NULL),
 (34,28,NULL,NULL),
 (34,29,NULL,NULL),
 (34,30,NULL,NULL),
 (34,31,NULL,NULL),
 (34,32,NULL,NULL),
 (34,33,NULL,NULL),
 (34,34,NULL,NULL),
 (34,35,NULL,NULL),
 (34,36,NULL,NULL),
 (34,37,NULL,NULL),
 (34,38,NULL,NULL),
 (34,39,NULL,NULL),
 (34,40,NULL,NULL),
 (34,41,NULL,NULL),
 (34,42,NULL,NULL),
 (34,43,NULL,NULL),
 (34,44,NULL,NULL),
 (34,45,NULL,NULL),
 (34,46,NULL,NULL),
 (34,47,NULL,NULL),
 (34,48,NULL,NULL),
 (35,1,NULL,NULL),
 (35,2,NULL,NULL),
 (35,3,NULL,NULL),
 (35,4,NULL,NULL),
 (35,5,NULL,NULL),
 (35,6,NULL,NULL),
 (35,7,NULL,NULL),
 (35,8,NULL,NULL),
 (35,9,NULL,NULL),
 (35,10,NULL,NULL),
 (35,11,NULL,NULL),
 (35,12,NULL,NULL),
 (35,13,NULL,NULL),
 (35,14,NULL,NULL),
 (35,15,NULL,NULL),
 (35,16,NULL,NULL),
 (35,17,NULL,NULL),
 (35,18,NULL,NULL),
 (35,19,NULL,NULL),
 (35,20,NULL,NULL),
 (35,21,NULL,NULL),
 (35,22,NULL,NULL),
 (35,23,NULL,NULL),
 (35,24,NULL,NULL),
 (35,25,NULL,NULL),
 (35,26,NULL,NULL),
 (35,27,NULL,NULL),
 (35,28,NULL,NULL),
 (35,29,NULL,NULL),
 (35,30,NULL,NULL),
 (35,31,NULL,NULL),
 (35,32,NULL,NULL),
 (35,33,NULL,NULL),
 (35,34,NULL,NULL),
 (35,35,NULL,NULL),
 (35,36,NULL,NULL),
 (35,37,NULL,NULL),
 (35,38,NULL,NULL),
 (35,39,NULL,NULL),
 (35,40,NULL,NULL),
 (35,41,NULL,NULL),
 (35,42,NULL,NULL),
 (35,43,NULL,NULL),
 (35,44,NULL,NULL),
 (35,45,NULL,NULL),
 (35,46,NULL,NULL),
 (35,47,NULL,NULL),
 (35,48,NULL,NULL),
 (36,1,NULL,NULL),
 (36,2,NULL,NULL),
 (36,3,NULL,NULL),
 (36,4,NULL,NULL),
 (36,5,NULL,NULL),
 (36,6,NULL,NULL),
 (36,7,NULL,NULL),
 (36,8,NULL,NULL),
 (36,9,NULL,NULL),
 (36,10,NULL,NULL),
 (36,11,NULL,NULL),
 (36,12,NULL,NULL),
 (36,13,NULL,NULL),
 (36,14,NULL,NULL),
 (36,15,NULL,NULL),
 (36,16,NULL,NULL),
 (36,17,NULL,NULL),
 (36,18,NULL,NULL),
 (36,19,NULL,NULL),
 (36,20,NULL,NULL),
 (36,21,NULL,NULL),
 (36,22,NULL,NULL),
 (36,23,NULL,NULL),
 (36,24,NULL,NULL),
 (36,25,NULL,NULL),
 (36,26,NULL,NULL),
 (36,27,NULL,NULL),
 (36,28,NULL,NULL),
 (36,29,NULL,NULL),
 (36,30,NULL,NULL),
 (36,31,NULL,NULL),
 (36,32,NULL,NULL),
 (36,33,NULL,NULL),
 (36,34,NULL,NULL),
 (36,35,NULL,NULL),
 (36,36,NULL,NULL),
 (36,37,NULL,NULL),
 (36,38,NULL,NULL),
 (36,39,NULL,NULL),
 (36,40,NULL,NULL),
 (36,41,NULL,NULL),
 (36,42,NULL,NULL),
 (36,43,NULL,NULL),
 (36,44,NULL,NULL),
 (36,45,NULL,NULL),
 (36,46,NULL,NULL),
 (36,47,NULL,NULL),
 (36,48,NULL,NULL);
/*!40000 ALTER TABLE `apuestadetalle` ENABLE KEYS */;


--
-- Definition of table `equipo`
--

DROP TABLE IF EXISTS `equipo`;
CREATE TABLE `equipo` (
  `nombre` varchar(145) NOT NULL,
  `idEquipo` varchar(2) NOT NULL DEFAULT 'x',
  PRIMARY KEY (`idEquipo`)
) ENGINE=InnoDB DEFAULT CHARSET=latin1;

--
-- Dumping data for table `equipo`
--

/*!40000 ALTER TABLE `equipo` DISABLE KEYS */;
INSERT INTO `equipo` (`nombre`,`idEquipo`) VALUES 
 ('Argentina','ar'),
 ('Australia','au'),
 ('Brasil','br'),
 ('Suiza','ch'),
 ('CostadeMarfil','ci'),
 ('Chile','cl'),
 ('Camerun','cm'),
 ('Dinamarca','dk'),
 ('Argelia','dz'),
 ('Espania','es'),
 ('Francia','fr'),
 ('Alemania','ge'),
 ('Ghana','gh'),
 ('Grecia','gr'),
 ('Honduras','ho'),
 ('Italia','it'),
 ('Japon','jp'),
 ('CoreadelSur','ko'),
 ('CoreadelNorte','kp'),
 ('Mexico','mx'),
 ('Holanda','ne'),
 ('Nigeria','ng'),
 ('NuevaZelanda','nz'),
 ('Portugal','pt'),
 ('Paraguay','py'),
 ('Serbia','rs'),
 ('Eslovenia','si'),
 ('Eslovaquia','sk'),
 ('Inglaterra','uk'),
 ('EstadosUnidos','us'),
 ('Uruguay','uy'),
 ('Sudafrica','za');
/*!40000 ALTER TABLE `equipo` ENABLE KEYS */;


--
-- Definition of table `partido`
--

DROP TABLE IF EXISTS `partido`;
CREATE TABLE `partido` (
  `fecha` datetime DEFAULT NULL,
  `tbEvento` varchar(1) DEFAULT NULL,
  `idEquipo1` varchar(2) DEFAULT NULL,
  `idEquipo2` varchar(2) DEFAULT NULL,
  `golesEquipo1` int(10) DEFAULT NULL,
  `golesEquipo2` int(10) DEFAULT NULL,
  `mkBazan` int(10) unsigned DEFAULT NULL,
  `mkCoke` int(10) unsigned DEFAULT NULL,
  `mkVieja` int(10) unsigned DEFAULT NULL,
  `mkMotoraton` int(10) unsigned DEFAULT NULL,
  `mkExcellent` int(10) unsigned DEFAULT NULL,
  `mkAmargo` int(11) DEFAULT NULL,
  `mkUsa` int(10) unsigned DEFAULT NULL,
  `mkHyena` int(11) unsigned DEFAULT NULL,
  `idGrupo` varchar(1) DEFAULT NULL,
  `idPartido` int(10) unsigned NOT NULL DEFAULT '0',
  `mkTriste` int(11) unsigned NOT NULL DEFAULT '0',
  PRIMARY KEY (`idPartido`)
) ENGINE=InnoDB DEFAULT CHARSET=latin1;

--
-- Dumping data for table `partido`
--

/*!40000 ALTER TABLE `partido` DISABLE KEYS */;
INSERT INTO `partido` (`fecha`,`tbEvento`,`idEquipo1`,`idEquipo2`,`golesEquipo1`,`golesEquipo2`,`mkBazan`,`mkCoke`,`mkVieja`,`mkMotoraton`,`mkExcellent`,`mkAmargo`,`mkUsa`,`mkHyena`,`idGrupo`,`idPartido`,`mkTriste`) VALUES 
 ('2010-06-11 16:00:00',NULL,'za','mx',0,0,0,1,0,0,0,0,NULL,0,'A',1,0),
 ('2010-06-11 20:30:00',NULL,'uy','fr',0,0,1,0,0,0,0,0,NULL,0,'A',2,0),
 ('2010-06-12 16:00:00',NULL,'ar','ng',0,0,1,0,0,0,0,0,NULL,0,'B',3,1),
 ('2010-06-12 13:30:00',NULL,'ko','gr',2,1,0,1,0,0,0,0,NULL,0,'B',4,0),
 ('2010-06-12 20:30:00',NULL,'uk','us',3,1,0,0,0,0,0,1,NULL,0,'C',5,0),
 ('2010-06-13 13:30:00',NULL,'dz','si',1,0,0,0,1,0,0,0,NULL,0,'C',6,0),
 ('2010-06-13 20:30:00',NULL,'ge','au',2,4,0,0,0,0,0,0,NULL,0,'D',7,0),
 ('2010-06-13 16:00:00',NULL,'rs','gh',0,3,1,1,0,0,0,0,NULL,0,'D',8,0),
 ('2010-06-14 13:30:00',NULL,'ne','dk',0,0,0,0,0,0,0,0,NULL,0,'E',9,0),
 ('2010-06-14 16:00:00',NULL,'jp','cm',0,0,0,1,0,0,0,0,NULL,0,'E',10,0),
 ('2010-06-14 20:30:00',NULL,'it','py',0,0,1,0,0,0,0,0,NULL,0,'F',11,0),
 ('2010-06-15 13:30:00',NULL,'nz','sk',0,0,1,0,0,0,0,0,NULL,0,'F',12,0),
 ('2010-06-15 16:00:00',NULL,'ci','pt',0,0,0,1,0,0,0,0,NULL,0,'G',13,1),
 ('2010-06-15 20:30:00',NULL,'br','kp',0,0,0,0,0,0,0,0,NULL,1,'G',14,0),
 ('2010-06-16 13:30:00',NULL,'ho','cl',0,0,1,0,0,0,1,0,NULL,0,'H',15,0),
 ('2010-06-16 16:00:00',NULL,'es','ch',0,0,0,1,0,1,0,0,NULL,0,'H',16,0),
 ('2010-06-16 20:30:00',NULL,'za','uy',0,0,0,0,0,0,0,0,NULL,0,'A',17,1),
 ('2010-06-17 20:30:00',NULL,'fr','mx',0,0,0,1,0,0,0,0,NULL,0,'A',18,0),
 ('2010-06-17 16:00:00',NULL,'gr','ng',0,0,0,0,1,0,0,0,NULL,0,'B',19,0),
 ('2010-06-17 13:30:00',NULL,'ar','ko',0,0,1,0,0,0,0,0,NULL,0,'B',20,0),
 ('2010-06-18 13:30:00',NULL,'ge','rs',0,0,0,1,0,0,0,0,NULL,0,'D',21,0),
 ('2010-06-18 16:00:00',NULL,'si','us',0,0,0,0,0,0,1,0,NULL,0,'C',22,1),
 ('2010-06-18 20:30:00',NULL,'uk','dz',0,0,1,0,0,0,0,0,NULL,0,'C',23,0),
 ('2010-06-19 16:00:00',NULL,'gh','au',0,0,1,0,0,0,0,0,NULL,0,'D',24,0),
 ('2010-06-19 13:30:00',NULL,'ne','jp',0,0,0,1,0,0,0,0,NULL,0,'E',25,0),
 ('2010-06-19 20:30:00',NULL,'cm','dk',NULL,0,0,0,1,0,0,0,NULL,0,'E',26,0),
 ('2010-06-20 13:30:00',NULL,'sk','py',NULL,0,1,0,0,0,0,0,NULL,0,'F',27,0),
 ('2010-06-20 16:00:00',NULL,'it','nz',NULL,0,0,0,0,0,0,0,NULL,0,'F',28,0),
 ('2010-06-20 20:30:00',NULL,'br','ci',NULL,0,0,0,0,0,0,1,NULL,1,'G',29,0),
 ('2010-06-21 13:30:00',NULL,'pt','kp',NULL,0,1,0,0,0,0,0,NULL,0,'G',30,1),
 ('2010-06-21 16:00:00',NULL,'cl','ch',NULL,0,0,1,0,0,0,0,NULL,0,'H',31,0),
 ('2010-06-21 20:30:00',NULL,'es','ho',NULL,0,0,0,0,0,0,0,NULL,0,'H',32,0),
 ('2010-06-22 16:00:00',NULL,'mx','uy',NULL,0,0,1,0,0,0,0,NULL,0,'A',33,0),
 ('2010-06-22 16:00:00',NULL,'fr','za',NULL,0,0,0,0,0,0,0,NULL,0,'A',34,0),
 ('2010-06-22 20:30:00',NULL,'ng','ko',NULL,0,0,0,1,0,0,0,NULL,0,'B',35,0),
 ('2010-06-22 20:30:00',NULL,'gr','ar',NULL,0,1,0,0,0,0,0,NULL,0,'B',36,0),
 ('2010-06-23 16:00:00',NULL,'si','uk',NULL,0,0,0,0,0,0,0,NULL,0,'C',37,0),
 ('2010-06-23 16:00:00',NULL,'us','dz',NULL,0,1,1,0,0,0,0,NULL,0,'C',38,1),
 ('2010-06-23 20:30:00',NULL,'gh','ge',NULL,0,0,0,0,0,0,0,NULL,0,'D',39,0),
 ('2010-06-23 20:30:00',NULL,'au','rs',NULL,0,0,1,0,0,0,0,NULL,0,'D',40,0),
 ('2010-06-24 16:00:00',NULL,'sk','it',NULL,0,0,0,0,0,0,0,NULL,0,'F',41,0),
 ('2010-06-24 16:00:00',NULL,'py','nz',NULL,0,0,1,0,0,0,0,NULL,0,'F',42,0),
 ('2010-06-24 20:30:00',NULL,'dk','jp',NULL,0,0,0,0,0,1,0,NULL,0,'E',43,0),
 ('2010-06-24 20:30:00',NULL,'cm','ne',NULL,0,1,0,0,0,0,0,NULL,0,'E',44,0),
 ('2010-06-25 16:00:00',NULL,'pt','br',NULL,0,0,0,0,1,0,0,NULL,1,'G',45,0),
 ('2010-06-25 16:00:00',NULL,'kp','ci',NULL,0,0,0,0,0,0,1,NULL,0,'G',46,0),
 ('2010-06-25 20:30:00',NULL,'cl','es',NULL,0,1,0,0,0,0,0,NULL,0,'H',47,1),
 ('2010-06-25 20:30:00',NULL,'ch','ho',NULL,0,0,0,0,0,0,0,NULL,0,'H',48,0);
/*!40000 ALTER TABLE `partido` ENABLE KEYS */;


--
-- Definition of table `tmpequipo`
--

DROP TABLE IF EXISTS `tmpequipo`;
CREATE TABLE `tmpequipo` (
  `id` varchar(45) NOT NULL,
  `nombre` varchar(45) NOT NULL
) ENGINE=InnoDB DEFAULT CHARSET=latin1;

--
-- Dumping data for table `tmpequipo`
--

/*!40000 ALTER TABLE `tmpequipo` DISABLE KEYS */;
INSERT INTO `tmpequipo` (`id`,`nombre`) VALUES 
 ('ge','Alemania'),
 ('ko','CoreadelSur'),
 ('gh','Ghana'),
 ('nz','NuevaZelanda'),
 ('dz','Argelia'),
 ('ci','CostadeMarfil'),
 ('gr','Grecia'),
 ('ne','Holanda'),
 ('ar','Argentina'),
 ('dk','Dinamarca'),
 ('ho','Honduras'),
 ('py','Paraguay'),
 ('au','Australia'),
 ('sk','Eslovaquia'),
 ('uk','Inglaterra'),
 ('pt','Portugal'),
 ('br','Brasil'),
 ('si','Eslovenia'),
 ('it','Italia'),
 ('rs','Serbia'),
 ('cm','Camerun'),
 ('es','Espania'),
 ('jp','Japon'),
 ('za','Sudafrica'),
 ('cl','Chile'),
 ('us','EstadosUnidos'),
 ('mx','Mexico'),
 ('ch','Suiza'),
 ('kp','CoreadelNorte'),
 ('fr','Francia'),
 ('ng','Nigeria'),
 ('uy','Uruguay');
/*!40000 ALTER TABLE `tmpequipo` ENABLE KEYS */;


--
-- Definition of table `tmppartido`
--

DROP TABLE IF EXISTS `tmppartido`;
CREATE TABLE `tmppartido` (
  `idGrupo` varchar(1) NOT NULL,
  `idPartido` int(10) unsigned NOT NULL DEFAULT '0',
  `lugar` varchar(45) NOT NULL,
  `teamA` varchar(2) DEFAULT NULL,
  `teamB` varchar(2) DEFAULT NULL,
  `fechaHora` datetime NOT NULL,
  PRIMARY KEY (`idPartido`)
) ENGINE=InnoDB DEFAULT CHARSET=latin1;

--
-- Dumping data for table `tmppartido`
--

/*!40000 ALTER TABLE `tmppartido` DISABLE KEYS */;
INSERT INTO `tmppartido` (`idGrupo`,`idPartido`,`lugar`,`teamA`,`teamB`,`fechaHora`) VALUES 
 ('A',1,'Johannesburg-JSC','za','mx','2010-06-11 16:00:00'),
 ('A',2,'CapeTown','uy','fr','2010-06-11 20:30:00'),
 ('B',3,'Johannesburg-JEP','ar','ng','2010-06-12 16:00:00'),
 ('B',4,'NelsonMandelaBay/PortElizabeth','ko','gr','2010-06-12 13:30:00'),
 ('C',5,'Rustenburg','uk','us','2010-06-12 20:30:00'),
 ('C',6,'Polokwane','dz','si','2010-06-13 13:30:00'),
 ('D',7,'Durban','ge','au','2010-06-13 20:30:00'),
 ('D',8,'Tshwane/Pretoria','rs','gh','2010-06-13 16:00:00'),
 ('E',9,'Johannesburg-JSC','ne','dk','2010-06-14 13:30:00'),
 ('E',10,'Mangaung/Bloemfontein','jp','cm','2010-06-14 16:00:00'),
 ('F',11,'CapeTown','it','py','2010-06-14 20:30:00'),
 ('F',12,'Rustenburg','nz','sk','2010-06-15 13:30:00'),
 ('G',13,'NelsonMandelaBay/PortElizabeth','ci','pt','2010-06-15 16:00:00'),
 ('G',14,'Johannesburg-JEP','br','kp','2010-06-15 20:30:00'),
 ('H',15,'Nelspruit','ho','cl','2010-06-16 13:30:00'),
 ('H',16,'Durban','es','ch','2010-06-16 16:00:00'),
 ('A',17,'Tshwane/Pretoria','za','uy','2010-06-16 20:30:00'),
 ('A',18,'Polokwane','fr','mx','2010-06-17 20:30:00'),
 ('B',19,'Mangaung/Bloemfontein','gr','ng','2010-06-17 16:00:00'),
 ('B',20,'Johannesburg-JSC','ar','ko','2010-06-17 13:30:00'),
 ('D',21,'NelsonMandelaBay/PortElizabeth','ge','rs','2010-06-18 13:30:00'),
 ('C',22,'Johannesburg-JEP','si','us','2010-06-18 16:00:00'),
 ('C',23,'CapeTown','uk','dz','2010-06-18 20:30:00'),
 ('D',24,'Rustenburg','gh','au','2010-06-19 16:00:00'),
 ('E',25,'Durban','ne','jp','2010-06-19 13:30:00'),
 ('E',26,'Tshwane/Pretoria','cm','dk','2010-06-19 20:30:00'),
 ('F',27,'Mangaung/Bloemfontein','sk','py','2010-06-20 13:30:00'),
 ('F',28,'Nelspruit','it','nz','2010-06-20 16:00:00'),
 ('G',29,'Johannesburg-JSC','br','ci','2010-06-20 20:30:00'),
 ('G',30,'CapeTown','pt','kp','2010-06-21 13:30:00'),
 ('H',31,'NelsonMandelaBay/PortElizabeth','cl','ch','2010-06-21 16:00:00'),
 ('H',32,'Johannesburg-JEP','es','ho','2010-06-21 20:30:00'),
 ('A',33,'Rustenburg','mx','uy','2010-06-22 16:00:00'),
 ('A',34,'Mangaung/Bloemfontein','fr','za','2010-06-22 16:00:00'),
 ('B',35,'Durban','ng','ko','2010-06-22 20:30:00'),
 ('B',36,'Polokwane','gr','ar','2010-06-22 20:30:00'),
 ('C',37,'NelsonMandelaBay/PortElizabeth','si','uk','2010-06-23 16:00:00'),
 ('C',38,'Tshwane/Pretoria','us','dz','2010-06-23 16:00:00'),
 ('D',39,'Johannesburg-JSC','gh','ge','2010-06-23 20:30:00'),
 ('D',40,'Nelspruit','au','rs','2010-06-23 20:30:00'),
 ('F',41,'Johannesburg-JEP','sk','it','2010-06-24 16:00:00'),
 ('F',42,'Polokwane','py','nz','2010-06-24 16:00:00'),
 ('E',43,'Rustenburg','dk','jp','2010-06-24 20:30:00'),
 ('E',44,'CapeTown','cm','ne','2010-06-24 20:30:00'),
 ('G',45,'Durban','pt','br','2010-06-25 16:00:00'),
 ('G',46,'Nelspruit','kp','ci','2010-06-25 16:00:00'),
 ('H',47,'Tshwane/Pretoria','cl','es','2010-06-25 20:30:00'),
 ('H',48,'Mangaung/Bloemfontein','ch','ho','2010-06-25 20:30:00');
/*!40000 ALTER TABLE `tmppartido` ENABLE KEYS */;


--
-- Definition of table `usuario`
--

DROP TABLE IF EXISTS `usuario`;
CREATE TABLE `usuario` (
  `idUsuario` int(10) unsigned NOT NULL AUTO_INCREMENT,
  `nombre` varchar(45) NOT NULL DEFAULT '',
  `fechaIngreso` datetime NOT NULL DEFAULT '0000-00-00 00:00:00',
  `password` varchar(45) NOT NULL DEFAULT '',
  `idEgel` int(11) DEFAULT NULL,
  `idEquipo` int(10) unsigned NOT NULL DEFAULT '0',
  `apodoEquipo` varchar(45) NOT NULL DEFAULT '',
  `hash` varchar(45) NOT NULL,
  PRIMARY KEY (`idUsuario`),
  UNIQUE KEY `nombreUsuario` (`nombre`)
) ENGINE=InnoDB AUTO_INCREMENT=44 DEFAULT CHARSET=latin1;

--
-- Dumping data for table `usuario`
--

/*!40000 ALTER TABLE `usuario` DISABLE KEYS */;
INSERT INTO `usuario` (`idUsuario`,`nombre`,`fechaIngreso`,`password`,`idEgel`,`idEquipo`,`apodoEquipo`,`hash`) VALUES 
 (20,'mporto','0000-00-00 00:00:00','',NULL,0,'','e50135d39a2a6cf5'),
 (21,'vdilena','0000-00-00 00:00:00','',NULL,0,'','ef8de9afa721baef'),
 (22,'dramos','0000-00-00 00:00:00','',NULL,0,'','e9b81f6b8d0042b5'),
 (23,'mbonavita','0000-00-00 00:00:00','',NULL,0,'','1c58dd47abcd6740'),
 (24,'fixture','0000-00-00 00:00:00','',NULL,0,'','d96a853eeaab5ec1'),
 (25,' a1','0000-00-00 00:00:00','',NULL,0,'','298c4d93373f07e7'),
 (26,'a1','0000-00-00 00:00:00','',NULL,0,'','088da57c44423075'),
 (29,'','0000-00-00 00:00:00','',NULL,0,'','ebedf3e31ed340db'),
 (30,'a3','0000-00-00 00:00:00','',NULL,0,'','10bd1cf0afb56f0e'),
 (32,'a4','0000-00-00 00:00:00','',NULL,0,'','ce5087110e0fc912'),
 (33,'a5','0000-00-00 00:00:00','',NULL,0,'','8b8baeb39f440089'),
 (34,' mporto','0000-00-00 00:00:00','',NULL,0,'','f54ec948d5832225'),
 (35,'nelus','0000-00-00 00:00:00','',NULL,0,'','032212954f13fa0e'),
 (36,'mportos','0000-00-00 00:00:00','',NULL,0,'','c6da134cfb016225'),
 (37,'nelus2','0000-00-00 00:00:00','',NULL,0,'','19c228d6a09199bf'),
 (38,'tata','0000-00-00 00:00:00','',NULL,0,'','ca929c4206f47cbb'),
 (39,'tatan','0000-00-00 00:00:00','',NULL,0,'','c979af0d5738df49'),
 (40,'tre','0000-00-00 00:00:00','',NULL,0,'','095b5b3c9ffb6370'),
 (41,'leo','0000-00-00 00:00:00','',NULL,0,'','411515c12adca52f'),
 (42,'leo1','0000-00-00 00:00:00','',NULL,0,'','b54544c4ad568b24'),
 (43,'mauroso','0000-00-00 00:00:00','',NULL,0,'','0523ff91fa39163e');
/*!40000 ALTER TABLE `usuario` ENABLE KEYS */;


--
-- Definition of procedure `addUser`
--

DROP PROCEDURE IF EXISTS `addUser`;

DELIMITER $$

/*!50003 SET @TEMP_SQL_MODE=@@SQL_MODE, SQL_MODE='' */ $$
CREATE DEFINER=`root`@`localhost` PROCEDURE `addUser`(IN userName varchar(20))
begin

  -- usuario
  select substring(MD5(RAND()) FROM 1 FOR 16) into @hash;

  insert into usuario(nombre, hash)
  values (userName, @hash);

  select max(idUsuario) into @maxIdUsuario from usuario;

  -- apuesta
  insert into apuesta(idUsuario)
  values(@maxIdUsuario);

  select max(idApuesta) into @maxIdApuesta from apuesta;

  -- apuestadetalle
  insert into apuestadetalle(idPartido, idApuesta)
  select idPartido, @maxIdApuesta from partido;


END $$
/*!50003 SET SESSION SQL_MODE=@TEMP_SQL_MODE */  $$

DELIMITER ;

--
-- Definition of view `vwapuestadetallepuntos`
--

DROP TABLE IF EXISTS `vwapuestadetallepuntos`;
DROP VIEW IF EXISTS `vwapuestadetallepuntos`;
CREATE ALGORITHM=UNDEFINED DEFINER=`root`@`localhost` SQL SECURITY DEFINER VIEW `vwapuestadetallepuntos` AS select `adp`.`idApuesta` AS `idApuesta`,`adp`.`idPartido` AS `idPartido`,`p`.`fecha` AS `fecha`,`p`.`idEquipo1` AS `idEquipo1`,`p`.`idEquipo2` AS `idEquipo2`,`p`.`golesEquipo1` AS `golesFinalEquipo1`,`p`.`golesEquipo2` AS `golesFinalEquipo2`,`p`.`mkCoke` AS `mkCoke`,`p`.`mkBazan` AS `mkBazan`,`p`.`mkVieja` AS `mkVieja`,`p`.`mkMotoraton` AS `mkMotoraton`,`p`.`mkExcellent` AS `mkExcellent`,`p`.`mkAmargo` AS `mkAmargo`,`p`.`mkUsa` AS `mkUsa`,`p`.`mkHyena` AS `mkHyena`,`p`.`mkTriste` AS `mkTriste`,`p`.`tbEvento` AS `tbEvento`,`adp`.`golesEquipo1` AS `golesEquipo1`,`adp`.`golesEquipo2` AS `golesEquipo2`,`e1`.`nombre` AS `nombre1`,`e2`.`nombre` AS `nombre2`,`adp`.`puntos` AS `puntos`,`adp`.`puntosPower` AS `puntosPower` from (((`vwapuestadetallepuntospower` `adp` join `partido` `p` on((`p`.`idPartido` = `adp`.`idPartido`))) join `equipo` `e1` on((`e1`.`idEquipo` = `p`.`idEquipo1`))) join `equipo` `e2` on((`e2`.`idEquipo` = `p`.`idEquipo2`)));

--
-- Definition of view `vwapuestadetallepuntosbase`
--

DROP TABLE IF EXISTS `vwapuestadetallepuntosbase`;
DROP VIEW IF EXISTS `vwapuestadetallepuntosbase`;
CREATE ALGORITHM=UNDEFINED DEFINER=`root`@`localhost` SQL SECURITY DEFINER VIEW `vwapuestadetallepuntosbase` AS select `a`.`idApuesta` AS `idApuesta`,`p`.`idPartido` AS `idPartido`,`ad`.`golesEquipo1` AS `golesEquipo1`,`ad`.`golesEquipo2` AS `golesEquipo2`,(case when ((sign((`p`.`golesEquipo1` - `p`.`golesEquipo2`)) <> sign((`ad`.`golesEquipo1` - `ad`.`golesEquipo2`))) and (abs((`p`.`golesEquipo1` - `p`.`golesEquipo2`)) <> abs((`ad`.`golesEquipo1` - `ad`.`golesEquipo2`)))) then -(1) when ((sign((`p`.`golesEquipo1` - `p`.`golesEquipo2`)) <> sign((`ad`.`golesEquipo1` - `ad`.`golesEquipo2`))) and (abs((`p`.`golesEquipo1` - `p`.`golesEquipo2`)) = abs((`ad`.`golesEquipo1` - `ad`.`golesEquipo2`))) and (`p`.`golesEquipo1` <> `ad`.`golesEquipo2`)) then -(2) when ((sign((`p`.`golesEquipo1` - `p`.`golesEquipo2`)) <> sign((`ad`.`golesEquipo1` - `ad`.`golesEquipo2`))) and (abs((`p`.`golesEquipo1` - `p`.`golesEquipo2`)) = abs((`ad`.`golesEquipo1` - `ad`.`golesEquipo2`))) and (`p`.`golesEquipo1` = `ad`.`golesEquipo2`)) then -(3) else 0 end) AS `puntosNeg`,(case when (((`p`.`golesEquipo1` - `p`.`golesEquipo2`) = (`ad`.`golesEquipo1` - `ad`.`golesEquipo2`)) and (`ad`.`golesEquipo1` = 0) and (`p`.`mkTriste` = 1)) then 5 when (((`p`.`golesEquipo1` - `p`.`golesEquipo2`) = (`ad`.`golesEquipo1` - `ad`.`golesEquipo2`)) and (`p`.`golesEquipo1` = `ad`.`golesEquipo1`)) then 3 when (((`p`.`golesEquipo1` - `p`.`golesEquipo2`) = (`ad`.`golesEquipo1` - `ad`.`golesEquipo2`)) and (`p`.`golesEquipo1` <> `ad`.`golesEquipo1`)) then 2 when ((sign((`p`.`golesEquipo1` - `p`.`golesEquipo2`)) = sign((`ad`.`golesEquipo1` - `ad`.`golesEquipo2`))) and ((`p`.`golesEquipo1` - `p`.`golesEquipo2`) <> (`ad`.`golesEquipo1` - `ad`.`golesEquipo2`))) then 1 when isnull(`p`.`golesEquipo1`) then NULL else 0 end) AS `puntos` from ((`apuesta` `a` join `apuestadetalle` `ad` on((`a`.`idApuesta` = `ad`.`idApuesta`))) join `partido` `p` on((`p`.`idPartido` = `ad`.`idPartido`))) limit 0,2000;

--
-- Definition of view `vwapuestadetallepuntospower`
--

DROP TABLE IF EXISTS `vwapuestadetallepuntospower`;
DROP VIEW IF EXISTS `vwapuestadetallepuntospower`;
CREATE ALGORITHM=UNDEFINED DEFINER=`root`@`localhost` SQL SECURITY DEFINER VIEW `vwapuestadetallepuntospower` AS select `apb`.`idApuesta` AS `idApuesta`,`apb`.`idPartido` AS `idPartido`,`apb`.`puntos` AS `puntos`,`apb`.`golesEquipo1` AS `golesEquipo1`,`apb`.`golesEquipo2` AS `golesEquipo2`,(case when ((`apb`.`puntos` = 0) and (`p`.`mkBazan` = 1)) then -(2) when ((`apb`.`puntos` > 0) and (`p`.`mkCoke` = 1)) then (`apb`.`puntos` + 2) when ((`apb`.`puntos` > 0) and (`p`.`mkVieja` = 1)) then (`apb`.`puntos` * 3) when ((`apb`.`puntos` = 0) and (`p`.`mkVieja` = 1)) then (`apb`.`puntosNeg` * 3) when ((`apb`.`puntos` > 0) and (`p`.`mkVieja` = 1)) then (`apb`.`puntos` * 4) when ((`apb`.`puntos` = 0) and (`p`.`mkVieja` = 1)) then (`apb`.`puntosNeg` * 4) else `apb`.`puntos` end) AS `puntosPower` from (`vwapuestadetallepuntosbase` `apb` join `partido` `p` on((`p`.`idPartido` = `apb`.`idPartido`)));

--
-- Definition of view `vwusuario`
--

DROP TABLE IF EXISTS `vwusuario`;
DROP VIEW IF EXISTS `vwusuario`;
CREATE ALGORITHM=UNDEFINED DEFINER=`root`@`localhost` SQL SECURITY DEFINER VIEW `vwusuario` AS select `u`.`idUsuario` AS `idUsuario`,`u`.`nombre` AS `nombre`,`u`.`fechaIngreso` AS `fechaIngreso`,`u`.`hash` AS `hash`,`a`.`tbEstado` AS `tbEstado` from (`usuario` `u` join `apuesta` `a` on((`u`.`idUsuario` = `a`.`idUsuario`)));



/*!40101 SET SQL_MODE=@OLD_SQL_MODE */;
/*!40014 SET FOREIGN_KEY_CHECKS=@OLD_FOREIGN_KEY_CHECKS */;
/*!40014 SET UNIQUE_CHECKS=@OLD_UNIQUE_CHECKS */;
/*!40101 SET CHARACTER_SET_CLIENT=@OLD_CHARACTER_SET_CLIENT */;
/*!40101 SET CHARACTER_SET_RESULTS=@OLD_CHARACTER_SET_RESULTS */;
/*!40101 SET COLLATION_CONNECTION=@OLD_COLLATION_CONNECTION */;
/*!40101 SET CHARACTER_SET_CLIENT=@OLD_CHARACTER_SET_CLIENT */;
